--
-- PostgreSQL database dump
--

\restrict nDQw5aZDxjnbtlJb4E1BJfKNgFCJGwm6hOmffGM4IflvxN9cOso2rU150ndfwNA

-- Dumped from database version 17.9
-- Dumped by pg_dump version 17.9

-- Started on 2026-04-19 09:29:22

SET statement_timeout = 0;
SET lock_timeout = 0;
SET idle_in_transaction_session_timeout = 0;
SET transaction_timeout = 0;
SET client_encoding = 'UTF8';
SET standard_conforming_strings = on;
SELECT pg_catalog.set_config('search_path', '', false);
SET check_function_bodies = false;
SET xmloption = content;
SET client_min_messages = warning;
SET row_security = off;

SET default_tablespace = '';

SET default_table_access_method = heap;

--
-- TOC entry 217 (class 1259 OID 16617)
-- Name: __EFMigrationsHistory; Type: TABLE; Schema: public; Owner: -
--

CREATE TABLE public."__EFMigrationsHistory" (
    migration_id character varying(150) NOT NULL,
    product_version character varying(32) NOT NULL
);


--
-- TOC entry 231 (class 1259 OID 16686)
-- Name: balance_transactions; Type: TABLE; Schema: public; Owner: -
--

CREATE TABLE public.balance_transactions (
    id integer NOT NULL,
    user_id integer NOT NULL,
    amount numeric(12,2) NOT NULL,
    transaction_type integer NOT NULL,
    note text,
    created_at_utc timestamp with time zone NOT NULL
);


--
-- TOC entry 230 (class 1259 OID 16685)
-- Name: balance_transactions_id_seq; Type: SEQUENCE; Schema: public; Owner: -
--

ALTER TABLE public.balance_transactions ALTER COLUMN id ADD GENERATED BY DEFAULT AS IDENTITY (
    SEQUENCE NAME public.balance_transactions_id_seq
    START WITH 1
    INCREMENT BY 1
    NO MINVALUE
    NO MAXVALUE
    CACHE 1
);


--
-- TOC entry 235 (class 1259 OID 16715)
-- Name: bookings; Type: TABLE; Schema: public; Owner: -
--

CREATE TABLE public.bookings (
    id integer NOT NULL,
    client_user_id integer NOT NULL,
    master_profile_id integer NOT NULL,
    workshop_service_id integer NOT NULL,
    queue_number integer NOT NULL,
    status integer NOT NULL,
    scheduled_at_utc timestamp with time zone,
    created_at_utc timestamp with time zone NOT NULL,
    updated_at_utc timestamp with time zone NOT NULL
);


--
-- TOC entry 234 (class 1259 OID 16714)
-- Name: bookings_id_seq; Type: SEQUENCE; Schema: public; Owner: -
--

ALTER TABLE public.bookings ALTER COLUMN id ADD GENERATED BY DEFAULT AS IDENTITY (
    SEQUENCE NAME public.bookings_id_seq
    START WITH 1
    INCREMENT BY 1
    NO MINVALUE
    NO MAXVALUE
    CACHE 1
);


--
-- TOC entry 219 (class 1259 OID 16623)
-- Name: collection_directions; Type: TABLE; Schema: public; Owner: -
--

CREATE TABLE public.collection_directions (
    id integer NOT NULL,
    name text NOT NULL
);


--
-- TOC entry 218 (class 1259 OID 16622)
-- Name: collection_directions_id_seq; Type: SEQUENCE; Schema: public; Owner: -
--

ALTER TABLE public.collection_directions ALTER COLUMN id ADD GENERATED BY DEFAULT AS IDENTITY (
    SEQUENCE NAME public.collection_directions_id_seq
    START WITH 1
    INCREMENT BY 1
    NO MINVALUE
    NO MAXVALUE
    CACHE 1
);


--
-- TOC entry 233 (class 1259 OID 16699)
-- Name: master_profiles; Type: TABLE; Schema: public; Owner: -
--

CREATE TABLE public.master_profiles (
    id integer NOT NULL,
    user_id integer NOT NULL,
    qualification_level_id integer NOT NULL
);


--
-- TOC entry 232 (class 1259 OID 16698)
-- Name: master_profiles_id_seq; Type: SEQUENCE; Schema: public; Owner: -
--

ALTER TABLE public.master_profiles ALTER COLUMN id ADD GENERATED BY DEFAULT AS IDENTITY (
    SEQUENCE NAME public.master_profiles_id_seq
    START WITH 1
    INCREMENT BY 1
    NO MINVALUE
    NO MAXVALUE
    CACHE 1
);


--
-- TOC entry 237 (class 1259 OID 16736)
-- Name: master_service_links; Type: TABLE; Schema: public; Owner: -
--

CREATE TABLE public.master_service_links (
    id integer NOT NULL,
    master_profile_id integer NOT NULL,
    workshop_service_id integer NOT NULL
);


--
-- TOC entry 236 (class 1259 OID 16735)
-- Name: master_service_links_id_seq; Type: SEQUENCE; Schema: public; Owner: -
--

ALTER TABLE public.master_service_links ALTER COLUMN id ADD GENERATED BY DEFAULT AS IDENTITY (
    SEQUENCE NAME public.master_service_links_id_seq
    START WITH 1
    INCREMENT BY 1
    NO MINVALUE
    NO MAXVALUE
    CACHE 1
);


--
-- TOC entry 221 (class 1259 OID 16631)
-- Name: qualification_levels; Type: TABLE; Schema: public; Owner: -
--

CREATE TABLE public.qualification_levels (
    id integer NOT NULL,
    name text NOT NULL,
    sort_order integer NOT NULL
);


--
-- TOC entry 220 (class 1259 OID 16630)
-- Name: qualification_levels_id_seq; Type: SEQUENCE; Schema: public; Owner: -
--

ALTER TABLE public.qualification_levels ALTER COLUMN id ADD GENERATED BY DEFAULT AS IDENTITY (
    SEQUENCE NAME public.qualification_levels_id_seq
    START WITH 1
    INCREMENT BY 1
    NO MINVALUE
    NO MAXVALUE
    CACHE 1
);


--
-- TOC entry 239 (class 1259 OID 16752)
-- Name: qualification_requests; Type: TABLE; Schema: public; Owner: -
--

CREATE TABLE public.qualification_requests (
    id integer NOT NULL,
    master_profile_id integer NOT NULL,
    status integer NOT NULL,
    note text NOT NULL,
    created_at_utc timestamp with time zone NOT NULL,
    resolved_at_utc timestamp with time zone,
    resolver_user_id integer
);


--
-- TOC entry 238 (class 1259 OID 16751)
-- Name: qualification_requests_id_seq; Type: SEQUENCE; Schema: public; Owner: -
--

ALTER TABLE public.qualification_requests ALTER COLUMN id ADD GENERATED BY DEFAULT AS IDENTITY (
    SEQUENCE NAME public.qualification_requests_id_seq
    START WITH 1
    INCREMENT BY 1
    NO MINVALUE
    NO MAXVALUE
    CACHE 1
);


--
-- TOC entry 241 (class 1259 OID 16770)
-- Name: reviews; Type: TABLE; Schema: public; Owner: -
--

CREATE TABLE public.reviews (
    id integer NOT NULL,
    client_user_id integer NOT NULL,
    workshop_service_id integer,
    master_profile_id integer,
    rating integer NOT NULL,
    comment text NOT NULL,
    created_at_utc timestamp with time zone NOT NULL,
    CONSTRAINT ck_review_target CHECK (((workshop_service_id IS NOT NULL) OR (master_profile_id IS NOT NULL)))
);


--
-- TOC entry 240 (class 1259 OID 16769)
-- Name: reviews_id_seq; Type: SEQUENCE; Schema: public; Owner: -
--

ALTER TABLE public.reviews ALTER COLUMN id ADD GENERATED BY DEFAULT AS IDENTITY (
    SEQUENCE NAME public.reviews_id_seq
    START WITH 1
    INCREMENT BY 1
    NO MINVALUE
    NO MAXVALUE
    CACHE 1
);


--
-- TOC entry 223 (class 1259 OID 16639)
-- Name: roles; Type: TABLE; Schema: public; Owner: -
--

CREATE TABLE public.roles (
    id integer NOT NULL,
    name text NOT NULL
);


--
-- TOC entry 222 (class 1259 OID 16638)
-- Name: roles_id_seq; Type: SEQUENCE; Schema: public; Owner: -
--

ALTER TABLE public.roles ALTER COLUMN id ADD GENERATED BY DEFAULT AS IDENTITY (
    SEQUENCE NAME public.roles_id_seq
    START WITH 1
    INCREMENT BY 1
    NO MINVALUE
    NO MAXVALUE
    CACHE 1
);


--
-- TOC entry 225 (class 1259 OID 16647)
-- Name: service_categories; Type: TABLE; Schema: public; Owner: -
--

CREATE TABLE public.service_categories (
    id integer NOT NULL,
    name text NOT NULL
);


--
-- TOC entry 224 (class 1259 OID 16646)
-- Name: service_categories_id_seq; Type: SEQUENCE; Schema: public; Owner: -
--

ALTER TABLE public.service_categories ALTER COLUMN id ADD GENERATED BY DEFAULT AS IDENTITY (
    SEQUENCE NAME public.service_categories_id_seq
    START WITH 1
    INCREMENT BY 1
    NO MINVALUE
    NO MAXVALUE
    CACHE 1
);


--
-- TOC entry 227 (class 1259 OID 16655)
-- Name: users; Type: TABLE; Schema: public; Owner: -
--

CREATE TABLE public.users (
    id integer NOT NULL,
    email text NOT NULL,
    password_hash text NOT NULL,
    display_name text NOT NULL,
    role_id integer NOT NULL,
    balance numeric(12,2) NOT NULL,
    created_at_utc timestamp with time zone NOT NULL
);


--
-- TOC entry 226 (class 1259 OID 16654)
-- Name: users_id_seq; Type: SEQUENCE; Schema: public; Owner: -
--

ALTER TABLE public.users ALTER COLUMN id ADD GENERATED BY DEFAULT AS IDENTITY (
    SEQUENCE NAME public.users_id_seq
    START WITH 1
    INCREMENT BY 1
    NO MINVALUE
    NO MAXVALUE
    CACHE 1
);


--
-- TOC entry 229 (class 1259 OID 16668)
-- Name: workshop_services; Type: TABLE; Schema: public; Owner: -
--

CREATE TABLE public.workshop_services (
    id integer NOT NULL,
    name text NOT NULL,
    description text NOT NULL,
    price numeric(12,2) NOT NULL,
    image_asset_path text,
    collection_direction_id integer NOT NULL,
    service_category_id integer NOT NULL,
    is_holiday_related boolean NOT NULL,
    created_at_utc timestamp with time zone NOT NULL,
    updated_at_utc timestamp with time zone NOT NULL
);


--
-- TOC entry 228 (class 1259 OID 16667)
-- Name: workshop_services_id_seq; Type: SEQUENCE; Schema: public; Owner: -
--

ALTER TABLE public.workshop_services ALTER COLUMN id ADD GENERATED BY DEFAULT AS IDENTITY (
    SEQUENCE NAME public.workshop_services_id_seq
    START WITH 1
    INCREMENT BY 1
    NO MINVALUE
    NO MAXVALUE
    CACHE 1
);


--
-- TOC entry 5010 (class 0 OID 16617)
-- Dependencies: 217
-- Data for Name: __EFMigrationsHistory; Type: TABLE DATA; Schema: public; Owner: -
--

INSERT INTO public."__EFMigrationsHistory" VALUES ('20260418204925_InitialCreate', '8.0.26');


--
-- TOC entry 5024 (class 0 OID 16686)
-- Dependencies: 231
-- Data for Name: balance_transactions; Type: TABLE DATA; Schema: public; Owner: -
--

INSERT INTO public.balance_transactions VALUES (1, 4, 5000.00, 2, 'Стартовый баланс демо', '2026-04-19 05:25:49.481712+03');
INSERT INTO public.balance_transactions VALUES (2, 4, 500.00, 0, 'Пополнение с карты (демо)', '2026-04-19 05:44:05.951352+03');
INSERT INTO public.balance_transactions VALUES (3, 4, -1500.00, 1, 'Запись на «Косплей: cosplay-01»', '2026-04-19 05:49:14.175775+03');


--
-- TOC entry 5028 (class 0 OID 16715)
-- Dependencies: 235
-- Data for Name: bookings; Type: TABLE DATA; Schema: public; Owner: -
--

INSERT INTO public.bookings VALUES (1, 4, 1, 1, 1, 0, NULL, '2026-04-19 05:49:14.178851+03', '2026-04-19 05:49:14.178911+03');


--
-- TOC entry 5012 (class 0 OID 16623)
-- Dependencies: 219
-- Data for Name: collection_directions; Type: TABLE DATA; Schema: public; Owner: -
--

INSERT INTO public.collection_directions VALUES (1, 'Аниме');
INSERT INTO public.collection_directions VALUES (2, 'Новый год');
INSERT INTO public.collection_directions VALUES (3, 'Хэллоуин');
INSERT INTO public.collection_directions VALUES (4, 'Киберпанк');
INSERT INTO public.collection_directions VALUES (5, 'Нуар');


--
-- TOC entry 5026 (class 0 OID 16699)
-- Dependencies: 233
-- Data for Name: master_profiles; Type: TABLE DATA; Schema: public; Owner: -
--

INSERT INTO public.master_profiles VALUES (1, 3, 1);


--
-- TOC entry 5030 (class 0 OID 16736)
-- Dependencies: 237
-- Data for Name: master_service_links; Type: TABLE DATA; Schema: public; Owner: -
--

INSERT INTO public.master_service_links VALUES (1, 1, 1);
INSERT INTO public.master_service_links VALUES (2, 1, 2);
INSERT INTO public.master_service_links VALUES (3, 1, 3);
INSERT INTO public.master_service_links VALUES (4, 1, 4);
INSERT INTO public.master_service_links VALUES (5, 1, 5);
INSERT INTO public.master_service_links VALUES (6, 1, 6);
INSERT INTO public.master_service_links VALUES (7, 1, 7);
INSERT INTO public.master_service_links VALUES (8, 1, 8);


--
-- TOC entry 5014 (class 0 OID 16631)
-- Dependencies: 221
-- Data for Name: qualification_levels; Type: TABLE DATA; Schema: public; Owner: -
--

INSERT INTO public.qualification_levels VALUES (1, 'Стажёр', 1);
INSERT INTO public.qualification_levels VALUES (2, 'Мастер', 2);
INSERT INTO public.qualification_levels VALUES (3, 'Ведущий мастер', 3);


--
-- TOC entry 5032 (class 0 OID 16752)
-- Dependencies: 239
-- Data for Name: qualification_requests; Type: TABLE DATA; Schema: public; Owner: -
--



--
-- TOC entry 5034 (class 0 OID 16770)
-- Dependencies: 241
-- Data for Name: reviews; Type: TABLE DATA; Schema: public; Owner: -
--



--
-- TOC entry 5016 (class 0 OID 16639)
-- Dependencies: 223
-- Data for Name: roles; Type: TABLE DATA; Schema: public; Owner: -
--

INSERT INTO public.roles VALUES (1, 'Client');
INSERT INTO public.roles VALUES (2, 'Master');
INSERT INTO public.roles VALUES (3, 'Moderator');
INSERT INTO public.roles VALUES (4, 'Administrator');


--
-- TOC entry 5018 (class 0 OID 16647)
-- Dependencies: 225
-- Data for Name: service_categories; Type: TABLE DATA; Schema: public; Owner: -
--

INSERT INTO public.service_categories VALUES (1, 'Косплей');
INSERT INTO public.service_categories VALUES (2, 'Кастомизация');
INSERT INTO public.service_categories VALUES (3, 'Праздники');


--
-- TOC entry 5020 (class 0 OID 16655)
-- Dependencies: 227
-- Data for Name: users; Type: TABLE DATA; Schema: public; Owner: -
--

INSERT INTO public.users VALUES (1, 'admin@matye.local', '$2a$11$skLvf2p3tZmrmr/3ykvTFuBS96L7gHz.mtGAuiIQCFWJXKVlIAHNK', 'Администратор', 4, 0.00, '2026-04-19 05:25:48.390383+03');
INSERT INTO public.users VALUES (2, 'mod@matye.local', '$2a$11$0vwFXVFMVrCCtTOB87754eIXky36XfYEaV5fic1o2yxUtCZZeEUxi', 'Модератор', 3, 0.00, '2026-04-19 05:25:48.730731+03');
INSERT INTO public.users VALUES (3, 'master@matye.local', '$2a$11$8451JKioWwA/M2NH55qJrehEzvh1gd8zWuxa9E82umelWKI3.oT3K', 'Мастер Иван', 2, 0.00, '2026-04-19 05:25:49.167615+03');
INSERT INTO public.users VALUES (4, 'client@matye.local', '$2a$11$eYp8KSbEMeVQVPeE3pKq4u81DoaIBCbCisMb5FfbGJyi/JVZUJvvK', 'Клиент Анна', 1, 4000.00, '2026-04-19 05:25:49.400787+03');


--
-- TOC entry 5022 (class 0 OID 16668)
-- Dependencies: 229
-- Data for Name: workshop_services; Type: TABLE DATA; Schema: public; Owner: -
--

INSERT INTO public.workshop_services VALUES (1, 'Косплей: cosplay-01', 'Создание и доработка костюма, реквизита и образа для косплея.', 1500.00, 'Resources/Cards/Cosplay/cosplay-01.jpg', 1, 1, false, '2026-04-19 05:25:47.971184+03', '2026-04-19 05:25:47.971184+03');
INSERT INTO public.workshop_services VALUES (2, 'Косплей: cosplay-02', 'Создание и доработка костюма, реквизита и образа для косплея.', 1650.00, 'Resources/Cards/Cosplay/cosplay-02.jpg', 2, 1, true, '2026-04-19 05:25:47.971184+03', '2026-04-19 05:25:47.971184+03');
INSERT INTO public.workshop_services VALUES (3, 'Косплей: cosplay-03', 'Создание и доработка костюма, реквизита и образа для косплея.', 1800.00, 'Resources/Cards/Cosplay/cosplay-03.jpg', 3, 1, true, '2026-04-19 05:25:47.971184+03', '2026-04-19 05:25:47.971184+03');
INSERT INTO public.workshop_services VALUES (4, 'Косплей: cosplay-04', 'Создание и доработка костюма, реквизита и образа для косплея.', 1950.00, 'Resources/Cards/Cosplay/cosplay-04.jpg', 4, 1, false, '2026-04-19 05:25:47.971184+03', '2026-04-19 05:25:47.971184+03');
INSERT INTO public.workshop_services VALUES (5, 'Косплей: cosplay-05', 'Создание и доработка костюма, реквизита и образа для косплея.', 2100.00, 'Resources/Cards/Cosplay/cosplay-05.jpg', 5, 1, false, '2026-04-19 05:25:47.971184+03', '2026-04-19 05:25:47.971184+03');
INSERT INTO public.workshop_services VALUES (6, 'Косплей: cosplay-06', 'Создание и доработка костюма, реквизита и образа для косплея.', 2250.00, 'Resources/Cards/Cosplay/cosplay-06.jpg', 1, 1, false, '2026-04-19 05:25:47.971184+03', '2026-04-19 05:25:47.971184+03');
INSERT INTO public.workshop_services VALUES (7, 'Косплей: cosplay-07', 'Создание и доработка костюма, реквизита и образа для косплея.', 2400.00, 'Resources/Cards/Cosplay/cosplay-07.jpg', 2, 1, true, '2026-04-19 05:25:47.971184+03', '2026-04-19 05:25:47.971184+03');
INSERT INTO public.workshop_services VALUES (8, 'Кастом: custom-01', 'Индивидуальная кастомизация и пошив по вашим пожеланиям.', 2550.00, 'Resources/Cards/Custom/custom-01.jpg', 3, 2, true, '2026-04-19 05:25:47.971184+03', '2026-04-19 05:25:47.971184+03');
INSERT INTO public.workshop_services VALUES (9, 'Кастом: custom-02', 'Индивидуальная кастомизация и пошив по вашим пожеланиям.', 2700.00, 'Resources/Cards/Custom/custom-02.jpg', 4, 2, false, '2026-04-19 05:25:47.971184+03', '2026-04-19 05:25:47.971184+03');
INSERT INTO public.workshop_services VALUES (10, 'Кастом: custom-03', 'Индивидуальная кастомизация и пошив по вашим пожеланиям.', 2850.00, 'Resources/Cards/Custom/custom-03.jpg', 5, 2, false, '2026-04-19 05:25:47.971184+03', '2026-04-19 05:25:47.971184+03');
INSERT INTO public.workshop_services VALUES (11, 'Кастом: custom-04', 'Индивидуальная кастомизация и пошив по вашим пожеланиям.', 3000.00, 'Resources/Cards/Custom/custom-04.jpg', 1, 2, false, '2026-04-19 05:25:47.971184+03', '2026-04-19 05:25:47.971184+03');
INSERT INTO public.workshop_services VALUES (12, 'Кастом: custom-05', 'Индивидуальная кастомизация и пошив по вашим пожеланиям.', 3150.00, 'Resources/Cards/Custom/custom-05.jpg', 2, 2, true, '2026-04-19 05:25:47.971184+03', '2026-04-19 05:25:47.971184+03');
INSERT INTO public.workshop_services VALUES (13, 'Кастом: custom-06', 'Индивидуальная кастомизация и пошив по вашим пожеланиям.', 3300.00, 'Resources/Cards/Custom/custom-06.jpg', 3, 2, true, '2026-04-19 05:25:47.971184+03', '2026-04-19 05:25:47.971184+03');
INSERT INTO public.workshop_services VALUES (14, 'Кастом: custom-07', 'Индивидуальная кастомизация и пошив по вашим пожеланиям.', 3450.00, 'Resources/Cards/Custom/custom-07.jpg', 4, 2, false, '2026-04-19 05:25:47.971184+03', '2026-04-19 05:25:47.971184+03');
INSERT INTO public.workshop_services VALUES (15, 'Кастом: custom-08', 'Индивидуальная кастомизация и пошив по вашим пожеланиям.', 3600.00, 'Resources/Cards/Custom/custom-08.jpg', 5, 2, false, '2026-04-19 05:25:47.971184+03', '2026-04-19 05:25:47.971184+03');
INSERT INTO public.workshop_services VALUES (16, 'Кастом: custom-09', 'Индивидуальная кастомизация и пошив по вашим пожеланиям.', 3750.00, 'Resources/Cards/Custom/custom-09.jpg', 1, 2, false, '2026-04-19 05:25:47.971184+03', '2026-04-19 05:25:47.971184+03');
INSERT INTO public.workshop_services VALUES (17, 'Кастом: custom-10', 'Индивидуальная кастомизация и пошив по вашим пожеланиям.', 3900.00, 'Resources/Cards/Custom/custom-10.jpg', 2, 2, true, '2026-04-19 05:25:47.971184+03', '2026-04-19 05:25:47.971184+03');
INSERT INTO public.workshop_services VALUES (18, 'Кастом: custom-11', 'Индивидуальная кастомизация и пошив по вашим пожеланиям.', 4050.00, 'Resources/Cards/Custom/custom-11.jpg', 3, 2, true, '2026-04-19 05:25:47.971184+03', '2026-04-19 05:25:47.971184+03');
INSERT INTO public.workshop_services VALUES (19, 'Кастом: custom-12', 'Индивидуальная кастомизация и пошив по вашим пожеланиям.', 4200.00, 'Resources/Cards/Custom/custom-12.jpg', 4, 2, false, '2026-04-19 05:25:47.971184+03', '2026-04-19 05:25:47.971184+03');


--
-- TOC entry 5040 (class 0 OID 0)
-- Dependencies: 230
-- Name: balance_transactions_id_seq; Type: SEQUENCE SET; Schema: public; Owner: -
--

SELECT pg_catalog.setval('public.balance_transactions_id_seq', 3, true);


--
-- TOC entry 5041 (class 0 OID 0)
-- Dependencies: 234
-- Name: bookings_id_seq; Type: SEQUENCE SET; Schema: public; Owner: -
--

SELECT pg_catalog.setval('public.bookings_id_seq', 1, true);


--
-- TOC entry 5042 (class 0 OID 0)
-- Dependencies: 218
-- Name: collection_directions_id_seq; Type: SEQUENCE SET; Schema: public; Owner: -
--

SELECT pg_catalog.setval('public.collection_directions_id_seq', 5, true);


--
-- TOC entry 5043 (class 0 OID 0)
-- Dependencies: 232
-- Name: master_profiles_id_seq; Type: SEQUENCE SET; Schema: public; Owner: -
--

SELECT pg_catalog.setval('public.master_profiles_id_seq', 1, true);


--
-- TOC entry 5044 (class 0 OID 0)
-- Dependencies: 236
-- Name: master_service_links_id_seq; Type: SEQUENCE SET; Schema: public; Owner: -
--

SELECT pg_catalog.setval('public.master_service_links_id_seq', 8, true);


--
-- TOC entry 5045 (class 0 OID 0)
-- Dependencies: 220
-- Name: qualification_levels_id_seq; Type: SEQUENCE SET; Schema: public; Owner: -
--

SELECT pg_catalog.setval('public.qualification_levels_id_seq', 3, true);


--
-- TOC entry 5046 (class 0 OID 0)
-- Dependencies: 238
-- Name: qualification_requests_id_seq; Type: SEQUENCE SET; Schema: public; Owner: -
--

SELECT pg_catalog.setval('public.qualification_requests_id_seq', 1, false);


--
-- TOC entry 5047 (class 0 OID 0)
-- Dependencies: 240
-- Name: reviews_id_seq; Type: SEQUENCE SET; Schema: public; Owner: -
--

SELECT pg_catalog.setval('public.reviews_id_seq', 1, false);


--
-- TOC entry 5048 (class 0 OID 0)
-- Dependencies: 222
-- Name: roles_id_seq; Type: SEQUENCE SET; Schema: public; Owner: -
--

SELECT pg_catalog.setval('public.roles_id_seq', 4, true);


--
-- TOC entry 5049 (class 0 OID 0)
-- Dependencies: 224
-- Name: service_categories_id_seq; Type: SEQUENCE SET; Schema: public; Owner: -
--

SELECT pg_catalog.setval('public.service_categories_id_seq', 3, true);


--
-- TOC entry 5050 (class 0 OID 0)
-- Dependencies: 226
-- Name: users_id_seq; Type: SEQUENCE SET; Schema: public; Owner: -
--

SELECT pg_catalog.setval('public.users_id_seq', 4, true);


--
-- TOC entry 5051 (class 0 OID 0)
-- Dependencies: 228
-- Name: workshop_services_id_seq; Type: SEQUENCE SET; Schema: public; Owner: -
--

SELECT pg_catalog.setval('public.workshop_services_id_seq', 19, true);


--
-- TOC entry 4803 (class 2606 OID 16621)
-- Name: __EFMigrationsHistory pk___ef_migrations_history; Type: CONSTRAINT; Schema: public; Owner: -
--

ALTER TABLE ONLY public."__EFMigrationsHistory"
    ADD CONSTRAINT pk___ef_migrations_history PRIMARY KEY (migration_id);


--
-- TOC entry 4826 (class 2606 OID 16692)
-- Name: balance_transactions pk_balance_transactions; Type: CONSTRAINT; Schema: public; Owner: -
--

ALTER TABLE ONLY public.balance_transactions
    ADD CONSTRAINT pk_balance_transactions PRIMARY KEY (id);


--
-- TOC entry 4835 (class 2606 OID 16719)
-- Name: bookings pk_bookings; Type: CONSTRAINT; Schema: public; Owner: -
--

ALTER TABLE ONLY public.bookings
    ADD CONSTRAINT pk_bookings PRIMARY KEY (id);


--
-- TOC entry 4806 (class 2606 OID 16629)
-- Name: collection_directions pk_collection_directions; Type: CONSTRAINT; Schema: public; Owner: -
--

ALTER TABLE ONLY public.collection_directions
    ADD CONSTRAINT pk_collection_directions PRIMARY KEY (id);


--
-- TOC entry 4830 (class 2606 OID 16703)
-- Name: master_profiles pk_master_profiles; Type: CONSTRAINT; Schema: public; Owner: -
--

ALTER TABLE ONLY public.master_profiles
    ADD CONSTRAINT pk_master_profiles PRIMARY KEY (id);


--
-- TOC entry 4839 (class 2606 OID 16740)
-- Name: master_service_links pk_master_service_links; Type: CONSTRAINT; Schema: public; Owner: -
--

ALTER TABLE ONLY public.master_service_links
    ADD CONSTRAINT pk_master_service_links PRIMARY KEY (id);


--
-- TOC entry 4809 (class 2606 OID 16637)
-- Name: qualification_levels pk_qualification_levels; Type: CONSTRAINT; Schema: public; Owner: -
--

ALTER TABLE ONLY public.qualification_levels
    ADD CONSTRAINT pk_qualification_levels PRIMARY KEY (id);


--
-- TOC entry 4843 (class 2606 OID 16758)
-- Name: qualification_requests pk_qualification_requests; Type: CONSTRAINT; Schema: public; Owner: -
--

ALTER TABLE ONLY public.qualification_requests
    ADD CONSTRAINT pk_qualification_requests PRIMARY KEY (id);


--
-- TOC entry 4848 (class 2606 OID 16777)
-- Name: reviews pk_reviews; Type: CONSTRAINT; Schema: public; Owner: -
--

ALTER TABLE ONLY public.reviews
    ADD CONSTRAINT pk_reviews PRIMARY KEY (id);


--
-- TOC entry 4812 (class 2606 OID 16645)
-- Name: roles pk_roles; Type: CONSTRAINT; Schema: public; Owner: -
--

ALTER TABLE ONLY public.roles
    ADD CONSTRAINT pk_roles PRIMARY KEY (id);


--
-- TOC entry 4815 (class 2606 OID 16653)
-- Name: service_categories pk_service_categories; Type: CONSTRAINT; Schema: public; Owner: -
--

ALTER TABLE ONLY public.service_categories
    ADD CONSTRAINT pk_service_categories PRIMARY KEY (id);


--
-- TOC entry 4819 (class 2606 OID 16661)
-- Name: users pk_users; Type: CONSTRAINT; Schema: public; Owner: -
--

ALTER TABLE ONLY public.users
    ADD CONSTRAINT pk_users PRIMARY KEY (id);


--
-- TOC entry 4823 (class 2606 OID 16674)
-- Name: workshop_services pk_workshop_services; Type: CONSTRAINT; Schema: public; Owner: -
--

ALTER TABLE ONLY public.workshop_services
    ADD CONSTRAINT pk_workshop_services PRIMARY KEY (id);


--
-- TOC entry 4824 (class 1259 OID 16793)
-- Name: ix_balance_transactions_user_id; Type: INDEX; Schema: public; Owner: -
--

CREATE INDEX ix_balance_transactions_user_id ON public.balance_transactions USING btree (user_id);


--
-- TOC entry 4831 (class 1259 OID 16794)
-- Name: ix_bookings_client_user_id; Type: INDEX; Schema: public; Owner: -
--

CREATE INDEX ix_bookings_client_user_id ON public.bookings USING btree (client_user_id);


--
-- TOC entry 4832 (class 1259 OID 16795)
-- Name: ix_bookings_master_profile_id; Type: INDEX; Schema: public; Owner: -
--

CREATE INDEX ix_bookings_master_profile_id ON public.bookings USING btree (master_profile_id);


--
-- TOC entry 4833 (class 1259 OID 16796)
-- Name: ix_bookings_workshop_service_id; Type: INDEX; Schema: public; Owner: -
--

CREATE INDEX ix_bookings_workshop_service_id ON public.bookings USING btree (workshop_service_id);


--
-- TOC entry 4804 (class 1259 OID 16797)
-- Name: ix_collection_directions_name; Type: INDEX; Schema: public; Owner: -
--

CREATE UNIQUE INDEX ix_collection_directions_name ON public.collection_directions USING btree (name);


--
-- TOC entry 4827 (class 1259 OID 16798)
-- Name: ix_master_profiles_qualification_level_id; Type: INDEX; Schema: public; Owner: -
--

CREATE INDEX ix_master_profiles_qualification_level_id ON public.master_profiles USING btree (qualification_level_id);


--
-- TOC entry 4828 (class 1259 OID 16799)
-- Name: ix_master_profiles_user_id; Type: INDEX; Schema: public; Owner: -
--

CREATE UNIQUE INDEX ix_master_profiles_user_id ON public.master_profiles USING btree (user_id);


--
-- TOC entry 4836 (class 1259 OID 16800)
-- Name: ix_master_service_links_master_profile_id_workshop_service_id; Type: INDEX; Schema: public; Owner: -
--

CREATE UNIQUE INDEX ix_master_service_links_master_profile_id_workshop_service_id ON public.master_service_links USING btree (master_profile_id, workshop_service_id);


--
-- TOC entry 4837 (class 1259 OID 16801)
-- Name: ix_master_service_links_workshop_service_id; Type: INDEX; Schema: public; Owner: -
--

CREATE INDEX ix_master_service_links_workshop_service_id ON public.master_service_links USING btree (workshop_service_id);


--
-- TOC entry 4807 (class 1259 OID 16802)
-- Name: ix_qualification_levels_sort_order; Type: INDEX; Schema: public; Owner: -
--

CREATE INDEX ix_qualification_levels_sort_order ON public.qualification_levels USING btree (sort_order);


--
-- TOC entry 4840 (class 1259 OID 16803)
-- Name: ix_qualification_requests_master_profile_id; Type: INDEX; Schema: public; Owner: -
--

CREATE INDEX ix_qualification_requests_master_profile_id ON public.qualification_requests USING btree (master_profile_id);


--
-- TOC entry 4841 (class 1259 OID 16804)
-- Name: ix_qualification_requests_resolver_user_id; Type: INDEX; Schema: public; Owner: -
--

CREATE INDEX ix_qualification_requests_resolver_user_id ON public.qualification_requests USING btree (resolver_user_id);


--
-- TOC entry 4844 (class 1259 OID 16805)
-- Name: ix_reviews_client_user_id; Type: INDEX; Schema: public; Owner: -
--

CREATE INDEX ix_reviews_client_user_id ON public.reviews USING btree (client_user_id);


--
-- TOC entry 4845 (class 1259 OID 16806)
-- Name: ix_reviews_master_profile_id; Type: INDEX; Schema: public; Owner: -
--

CREATE INDEX ix_reviews_master_profile_id ON public.reviews USING btree (master_profile_id);


--
-- TOC entry 4846 (class 1259 OID 16807)
-- Name: ix_reviews_workshop_service_id; Type: INDEX; Schema: public; Owner: -
--

CREATE INDEX ix_reviews_workshop_service_id ON public.reviews USING btree (workshop_service_id);


--
-- TOC entry 4810 (class 1259 OID 16808)
-- Name: ix_roles_name; Type: INDEX; Schema: public; Owner: -
--

CREATE UNIQUE INDEX ix_roles_name ON public.roles USING btree (name);


--
-- TOC entry 4813 (class 1259 OID 16809)
-- Name: ix_service_categories_name; Type: INDEX; Schema: public; Owner: -
--

CREATE UNIQUE INDEX ix_service_categories_name ON public.service_categories USING btree (name);


--
-- TOC entry 4816 (class 1259 OID 16810)
-- Name: ix_users_email; Type: INDEX; Schema: public; Owner: -
--

CREATE UNIQUE INDEX ix_users_email ON public.users USING btree (email);


--
-- TOC entry 4817 (class 1259 OID 16811)
-- Name: ix_users_role_id; Type: INDEX; Schema: public; Owner: -
--

CREATE INDEX ix_users_role_id ON public.users USING btree (role_id);


--
-- TOC entry 4820 (class 1259 OID 16812)
-- Name: ix_workshop_services_collection_direction_id; Type: INDEX; Schema: public; Owner: -
--

CREATE INDEX ix_workshop_services_collection_direction_id ON public.workshop_services USING btree (collection_direction_id);


--
-- TOC entry 4821 (class 1259 OID 16813)
-- Name: ix_workshop_services_service_category_id; Type: INDEX; Schema: public; Owner: -
--

CREATE INDEX ix_workshop_services_service_category_id ON public.workshop_services USING btree (service_category_id);


--
-- TOC entry 4852 (class 2606 OID 16693)
-- Name: balance_transactions fk_balance_transactions_users_user_id; Type: FK CONSTRAINT; Schema: public; Owner: -
--

ALTER TABLE ONLY public.balance_transactions
    ADD CONSTRAINT fk_balance_transactions_users_user_id FOREIGN KEY (user_id) REFERENCES public.users(id) ON DELETE CASCADE;


--
-- TOC entry 4855 (class 2606 OID 16720)
-- Name: bookings fk_bookings_master_profiles_master_profile_id; Type: FK CONSTRAINT; Schema: public; Owner: -
--

ALTER TABLE ONLY public.bookings
    ADD CONSTRAINT fk_bookings_master_profiles_master_profile_id FOREIGN KEY (master_profile_id) REFERENCES public.master_profiles(id) ON DELETE CASCADE;


--
-- TOC entry 4856 (class 2606 OID 16725)
-- Name: bookings fk_bookings_users_client_user_id; Type: FK CONSTRAINT; Schema: public; Owner: -
--

ALTER TABLE ONLY public.bookings
    ADD CONSTRAINT fk_bookings_users_client_user_id FOREIGN KEY (client_user_id) REFERENCES public.users(id) ON DELETE CASCADE;


--
-- TOC entry 4857 (class 2606 OID 16730)
-- Name: bookings fk_bookings_workshop_services_workshop_service_id; Type: FK CONSTRAINT; Schema: public; Owner: -
--

ALTER TABLE ONLY public.bookings
    ADD CONSTRAINT fk_bookings_workshop_services_workshop_service_id FOREIGN KEY (workshop_service_id) REFERENCES public.workshop_services(id) ON DELETE CASCADE;


--
-- TOC entry 4853 (class 2606 OID 16704)
-- Name: master_profiles fk_master_profiles_qualification_levels_qualification_level_id; Type: FK CONSTRAINT; Schema: public; Owner: -
--

ALTER TABLE ONLY public.master_profiles
    ADD CONSTRAINT fk_master_profiles_qualification_levels_qualification_level_id FOREIGN KEY (qualification_level_id) REFERENCES public.qualification_levels(id) ON DELETE CASCADE;


--
-- TOC entry 4854 (class 2606 OID 16709)
-- Name: master_profiles fk_master_profiles_users_user_id; Type: FK CONSTRAINT; Schema: public; Owner: -
--

ALTER TABLE ONLY public.master_profiles
    ADD CONSTRAINT fk_master_profiles_users_user_id FOREIGN KEY (user_id) REFERENCES public.users(id) ON DELETE CASCADE;


--
-- TOC entry 4858 (class 2606 OID 16741)
-- Name: master_service_links fk_master_service_links_master_profiles_master_profile_id; Type: FK CONSTRAINT; Schema: public; Owner: -
--

ALTER TABLE ONLY public.master_service_links
    ADD CONSTRAINT fk_master_service_links_master_profiles_master_profile_id FOREIGN KEY (master_profile_id) REFERENCES public.master_profiles(id) ON DELETE CASCADE;


--
-- TOC entry 4859 (class 2606 OID 16746)
-- Name: master_service_links fk_master_service_links_workshop_services_workshop_service_id; Type: FK CONSTRAINT; Schema: public; Owner: -
--

ALTER TABLE ONLY public.master_service_links
    ADD CONSTRAINT fk_master_service_links_workshop_services_workshop_service_id FOREIGN KEY (workshop_service_id) REFERENCES public.workshop_services(id) ON DELETE CASCADE;


--
-- TOC entry 4860 (class 2606 OID 16759)
-- Name: qualification_requests fk_qualification_requests_master_profiles_master_profile_id; Type: FK CONSTRAINT; Schema: public; Owner: -
--

ALTER TABLE ONLY public.qualification_requests
    ADD CONSTRAINT fk_qualification_requests_master_profiles_master_profile_id FOREIGN KEY (master_profile_id) REFERENCES public.master_profiles(id) ON DELETE CASCADE;


--
-- TOC entry 4861 (class 2606 OID 16764)
-- Name: qualification_requests fk_qualification_requests_users_resolver_user_id; Type: FK CONSTRAINT; Schema: public; Owner: -
--

ALTER TABLE ONLY public.qualification_requests
    ADD CONSTRAINT fk_qualification_requests_users_resolver_user_id FOREIGN KEY (resolver_user_id) REFERENCES public.users(id);


--
-- TOC entry 4862 (class 2606 OID 16778)
-- Name: reviews fk_reviews_master_profiles_master_profile_id; Type: FK CONSTRAINT; Schema: public; Owner: -
--

ALTER TABLE ONLY public.reviews
    ADD CONSTRAINT fk_reviews_master_profiles_master_profile_id FOREIGN KEY (master_profile_id) REFERENCES public.master_profiles(id);


--
-- TOC entry 4863 (class 2606 OID 16783)
-- Name: reviews fk_reviews_users_client_user_id; Type: FK CONSTRAINT; Schema: public; Owner: -
--

ALTER TABLE ONLY public.reviews
    ADD CONSTRAINT fk_reviews_users_client_user_id FOREIGN KEY (client_user_id) REFERENCES public.users(id) ON DELETE CASCADE;


--
-- TOC entry 4864 (class 2606 OID 16788)
-- Name: reviews fk_reviews_workshop_services_workshop_service_id; Type: FK CONSTRAINT; Schema: public; Owner: -
--

ALTER TABLE ONLY public.reviews
    ADD CONSTRAINT fk_reviews_workshop_services_workshop_service_id FOREIGN KEY (workshop_service_id) REFERENCES public.workshop_services(id);


--
-- TOC entry 4849 (class 2606 OID 16662)
-- Name: users fk_users_roles_role_id; Type: FK CONSTRAINT; Schema: public; Owner: -
--

ALTER TABLE ONLY public.users
    ADD CONSTRAINT fk_users_roles_role_id FOREIGN KEY (role_id) REFERENCES public.roles(id) ON DELETE CASCADE;


--
-- TOC entry 4850 (class 2606 OID 16675)
-- Name: workshop_services fk_workshop_services_collection_directions_collection_directio; Type: FK CONSTRAINT; Schema: public; Owner: -
--

ALTER TABLE ONLY public.workshop_services
    ADD CONSTRAINT fk_workshop_services_collection_directions_collection_directio FOREIGN KEY (collection_direction_id) REFERENCES public.collection_directions(id) ON DELETE CASCADE;


--
-- TOC entry 4851 (class 2606 OID 16680)
-- Name: workshop_services fk_workshop_services_service_categories_service_category_id; Type: FK CONSTRAINT; Schema: public; Owner: -
--

ALTER TABLE ONLY public.workshop_services
    ADD CONSTRAINT fk_workshop_services_service_categories_service_category_id FOREIGN KEY (service_category_id) REFERENCES public.service_categories(id) ON DELETE CASCADE;


-- Completed on 2026-04-19 09:29:22

--
-- PostgreSQL database dump complete
--

\unrestrict nDQw5aZDxjnbtlJb4E1BJfKNgFCJGwm6hOmffGM4IflvxN9cOso2rU150ndfwNA

